ID,Name,Number
F_UP8EZPflsFk9aMa,a_AlarmClock_s.wav,1
F_YLij7pz3EZvmWyr,a_AngryBeast_s.wav,2
F_eAIEGkT3kEByVyu,a_BabiesCrying_s.wav,3
F_TUjUAwcicVsuWXw,a_CarsHonking_s.wav,4
F_XrKjYdzW9nV81q5,a_ChildScreaming_s.wav,5
F_Eqo7fOdsn7T42VZ,a_CryingMan_s.wav,6
F_tqsHmxUnuA0ynbg,a_DangerAlarm_s.wav,7
F_23E0xH7aORdeKps,a_DV_s.wav,8
F_LV69P8Z2B8Cn3gt,a_Fart_s.wav,9
F_UCSqwLmqV5ENFGp,a_FemaleScream_s.wav,10
F_Sh4J8jSjwcWYVSD,a_FireTruckAlarm_s.wav,11
F_CiMEGaM5E6Y6OVD,a_FlyBuzzing_s.wav,12
F_93zXFapR3MppGMo,a_GhostWhispers_s.wav,13
F_TPYG4DF8g7xQkr2,a_ManPeeingInToilet_s.wav,14
F_ID0iYQNw1AO8P7C,a_PuppyCrying_s.wav,15
F_tdZwgBIrTRXkgcg,a_ScreamWithEcho_s.wav,16
F_qRgrQk8XEpNs3gC,a_ToddlerCrying_s_rev.wav,17
F_9izA77OtQcHUj35,a_WolfHowl_s.wav,18
F_pDssmE8RicconEy,a_WomanWailing_s.wav,19
F_Pe9r5qON5XkMSXV,m_ALotOfYawning_s.wav,20
F_gaXc0nUBI8FoxBo,m_AppleCrunching_s.wav,21
F_R7a9JmxcM1mlu2X,m_AppleEating_s.wav,22
F_lKlYJX3BJsOf6JR,m_BallBouncing_s.wav,23
F_O4B4P3Iolouc87n,m_BelchSound_s.wav,24
F_oOfnVMpqgvnUIVo,m_CatTunaLicking_s.wav,25
F_BzT0rIGdYDbFiKb,m_ChewingFoodWithMouthOpen_s.wav,26
F_MuEMU8usYz8rijz,m_ChewingGum_s.wav,27
F_Qn6ICRsguYUrioa,m_ChewingPopcornManyCrunches_s.wav,28
F_JhsDTHPl1WyGRpm,m_CoughingAndSniffing_s.wav,29
F_xSrl5yqtCBSdlrc,m_CoughsThroatClearing_s.wav,30
F_dxSY7wjoHBvxCKC,m_CrispsAndPacket_s.wav,31
F_gzRghyHVZ9PtVTT,m_CrispsPacket_s.wav,32
F_ca2yT16FxLne5j1,m_CrunchingChips_s.wav,33
F_rfdQeeJFBcm5yjY,m_CutlerySounds_s.wav,34
F_l7ELLleZSmuHfmO,m_DogBarking_s.wav,35
F_m3bF3JQnfjtIoPh,m_DogEatingMilkbone_s.wav,36
F_ItXOrIboc4pVbwB,m_DogPanting_s.wav,37
F_qW93NyGXMgmD8xh,m_DrinkingWater2_s.wav,38
F_zyp7i5OnGuy7Whz,m_DrinkingWater3_s.wav,39
F_rjvaBABn3y54f5j,m_DrinkingWater_s.wav,40
F_OLFovcdRlV3STol,m_EatingCandy_s.wav,41
F_dBmK6J3LK0VnjAQ,m_EatingSaladCutlery_s.wav,42
F_WDUpMHMxBgeouTU,m_EatingSmallCrunches_s.wav,43
F_a60AWKXGbpeUj1A,m_FemalePanting_s.wav,44
F_Py6iUzhjcsWpivP,m_FemaleSneeze_s.wav,45
F_5ERmTwv7I6OljlG,m_FingerTapping_s.wav,46
F_mkDcWx2ARqbmIqM,m_GarglingWaterCombined_s.wav,47
F_WiAyWiY8FTWguXu,m_GumChewing2_s.wav,48
F_BCwlezzmIfFRSii,m_GumChewing_s.wav,49
F_CFiZbuZ0PmvqQwh,m_HeavyBreathing2_s.wav,50
F_sIgBKOHHcCrMhl6,m_HeavyBreathing_s.wav,51
F_d4sEM4xqkdFTk97,m_Hiccup_s.wav,52
F_JXYw51AgGWVl2cV,m_HotTeaSlurping_s.wav,53
F_9Y0LfgcmNfl6bsy,m_iads_Chewing_724_s.wav,54
F_5Fx6S01enAbT1BB,m_IADS_FemaleCough_242_s.wav,55
F_yrH3dlWEZ4BU7aL,m_iads_Hiccup_245_s.wav,56
F_QuPxc0QC0TJg3VZ,m_IADS_MaleSnore_252_s.wav,57
F_QT8W57zImXdJlTk,m_iads_ManWheeze_244_s.wav,58
F_I5ZK0aImq02QrxT,m_IADS_Vomit_255_s.wav,59
F_Asw5gYmzUsVNmD2,m_iads_Whistling_270_s.wav,60
F_TpbrWHmODRoCN6d,m_IceCubesCrunchingChewing_s.wav,61
F_hTn2JQWwTq2d7Oj,m_Keyboard2_s.wav,62
F_mJOxkRf93BgQbzV,m_Keyboard_s.wav,63
F_trHAa3ZFQB2hnwI,m_LipsSmacking_s.wav,64
F_kHxihcY8Erwyzio,m_PenClicking_s.wav,65
F_ZmYcLtjJQrh8Thy,m_RunnyNose_s.wav,66
F_R6cjq4z1vGajcsG,m_SippingCoffeeCombined_s.wav,67
F_9u8Gan01nW3PHIB,m_SlowHardBreathing_s.wav,68
F_SK1Qnzk09fNr2v5,m_SlurpingEatingCombined_s.wav,69
F_EFWOCNPkULcqM09,m_SlurpingNoodles_s.wav,70
F_9vIIwnknPWJsbl0,m_SneezeReady_s.wav,71
F_S6qGTKWpOU0hr3X,m_Sneeze_s.wav,72
F_i2V3sLtfP7IraM9,m_Sneezing_s.wav,73
F_ViP7n5HMtzlE5Gv,m_Sniffing_s.wav,74
F_R76pUZyu3sBHBbU,m_Sniffling_s.wav,75
F_q8IqX3sD7sJF1T4,m_SnoringD_s.wav,76
F_PlJC9UpthMTt0Hf,m_Snoring_s.wav,77
F_WJt1Tlj9Wb39YUG,m_SoftChewing_s.wav,78
F_WiBcK0L5KRInfTh,m_ThroatClearing3_s.wav,79
F_3T5ygWmZIm62fhd,m_ThroatClearing4_s.wav,80
F_KpIondCkD5DWntb,m_ThroatClearing5_s.wav,81
F_ZoxfyKTXD3fQQ45,m_ThroatClearingD_s.wav,82
F_dm6gkofmNECLCkv,m_Typing_s.wav,83
F_NCd7pQRWjnA23aV,m_WalkingInHeels_s.wav,84
F_mOHuLixs5fg08UQ,m_WaterPouring_s.wav,85
F_Dz2ZqFd26EjxcY2,m_Whistling2_s.wav,86
F_zK5MSdPINr3gCEn,m_Whistling_s.wav,87
F_TRZAjOSGVFIC6b0,m_Yawning_s.wav,88
F_zyaYnrNH0u4mR5H,m_Yawn_s.wav,89
F_kD8vCkUsYbwkdte,n_BirdsSinging_s.wav,90
F_3t74aTjLoBmjRFy,n_BugsAtNight_s.wav,91
F_7eXBSvLSJ9SQwFn,n_Faucet Sound_s.wav,92
F_ZR3HfS2ktKnnXgU,n_Harp_s.wav,93
F_AaRCjqV2qmwLVkL,n_PourIntoCup_s.wav,94
F_XltKb3gZS3eB4w7,n_RainOnTrees_s.wav,95
F_pFs9JDYvmei9I19,n_RobinChirping_s.wav,96
F_D2DC8ra7SwQ9GGV,n_VaccuumCleaner_s.wav,97
F_WCeOFVAFiOHV9dK,n_WashingMachine_s.wav,98
F_ITB1xC538KIpTbc,n_WaterStream_s.wav,99
F_FODchS5RJw06I2U,n_WindChimes_s.wav,100